Rank,DenseRank,RowRank,Customer,CustomerInvoices,Artist,ArtistSales,InvoiceRatios
1,1,1,"Mark Taylor",17.82,"Iron Maiden",138.6,0.1286
2,2,2,"Madalena Sampaio",15.84,"Iron Maiden",138.6,0.1143
3,3,3,"Frank Harris",13.86,"Iron Maiden",138.6,0.1
3,3,4,"Hannah Schneider",13.86,"Iron Maiden",138.6,0.1
5,4,5,"František Wichterlová",8.91,"Iron Maiden",138.6,0.0643
5,4,6,"Patrick Gray",8.91,"Iron Maiden",138.6,0.0643
7,5,7,"Tim Goyer",5.94,"Iron Maiden",138.6,0.0429
7,5,8,"Camille Bernard",5.94,"Iron Maiden",138.6,0.0429
7,5,9,"Manoj Pareek",5.94,"Iron Maiden",138.6,0.0429
10,6,10,"Astrid Gruber",4.95,"Iron Maiden",138.6,0.0357
10,6,11,"Victor Stevens",4.95,"Iron Maiden",138.6,0.0357
12,7,12,"Jennifer Peterson",3.96,"Iron Maiden",138.6,0.0286
12,7,13,"Steve Murray",3.96,"Iron Maiden",138.6,0.0286
14,8,14,"Enrique Muñoz",2.97,"Iron Maiden",138.6,0.0214
15,9,15,"Alexandre Rocha",1.98,"Iron Maiden",138.6,0.0143
15,9,16,"Fernanda Ramos",1.98,"Iron Maiden",138.6,0.0143
15,9,17,"Martha Silk",1.98,"Iron Maiden",138.6,0.0143
15,9,18,"Ellie Sullivan",1.98,"Iron Maiden",138.6,0.0143
15,9,19,"Joakim Johansson",1.98,"Iron Maiden",138.6,0.0143
15,9,20,"Emma Jones",1.98,"Iron Maiden",138.6,0.0143
15,9,21,"Phil Hughes",1.98,"Iron Maiden",138.6,0.0143
15,9,22,"Puja Srivastava",1.98,"Iron Maiden",138.6,0.0143
23,10,23,"Eduardo Martins",0.99,"Iron Maiden",138.6,0.0071
23,10,24,"Edward Francis",0.99,"Iron Maiden",138.6,0.0071
23,10,25,"Ladislav Kovács",0.99,"Iron Maiden",138.6,0.0071
23,10,26,"Hugh O'Reilly",0.99,"Iron Maiden",138.6,0.0071
23,10,27,"Stanisław Wójcik",0.99,"Iron Maiden",138.6,0.0071
1,1,1,"Astrid Gruber",8.91,U2,105.93,0.0841
1,1,2,"Madalena Sampaio",8.91,U2,105.93,0.0841
3,2,3,"Richard Cunningham",7.92,U2,105.93,0.0748
4,3,4,"Eduardo Martins",5.94,U2,105.93,0.0561
4,3,5,"Robert Brown",5.94,U2,105.93,0.0561
4,3,6,"Hugh O'Reilly",5.94,U2,105.93,0.0561
4,3,7,"Stanisław Wójcik",5.94,U2,105.93,0.0561
8,4,8,"Helena Holý",4.95,U2,105.93,0.0467
8,4,9,"Mark Taylor",4.95,U2,105.93,0.0467
10,5,10,"František Wichterlová",3.96,U2,105.93,0.0374
10,5,11,"Victor Stevens",3.96,U2,105.93,0.0374
10,5,12,"João Fernandes",3.96,U2,105.93,0.0374
10,5,13,"Ladislav Kovács",3.96,U2,105.93,0.0374
14,6,14,"Kara Nielsen",2.97,U2,105.93,0.028
14,6,15,"Kathy Chase",2.97,U2,105.93,0.028
14,6,16,"Johannes Van der Berg",2.97,U2,105.93,0.028
17,7,17,"Leonie Köhler",1.98,U2,105.93,0.0187
17,7,18,"Bjørn Hansen",1.98,U2,105.93,0.0187
17,7,19,"Heather Leacock",1.98,U2,105.93,0.0187
17,7,20,"John Gordon",1.98,U2,105.93,0.0187
17,7,21,"Frank Ralston",1.98,U2,105.93,0.0187
17,7,22,"Edward Francis",1.98,U2,105.93,0.0187
17,7,23,"Marc Dubois",1.98,U2,105.93,0.0187
17,7,24,"Isabelle Mercier",1.98,U2,105.93,0.0187
17,7,25,"Steve Murray",1.98,U2,105.93,0.0187
26,8,26,"Luís Gonçalves",0.99,U2,105.93,0.0093
26,8,27,"Frank Harris",0.99,U2,105.93,0.0093
26,8,28,"Dan Miller",0.99,U2,105.93,0.0093
26,8,29,"Dominique Lefebvre",0.99,U2,105.93,0.0093
1,1,1,"Heather Leacock",8.91,Metallica,90.09,0.0989
1,1,2,"Wyatt Girard",8.91,Metallica,90.09,0.0989
3,2,3,"Hannah Schneider",7.92,Metallica,90.09,0.0879
4,3,4,"Frank Harris",5.94,Metallica,90.09,0.0659
4,3,5,"Jack Smith",5.94,Metallica,90.09,0.0659
4,3,6,"Diego Gutiérrez",5.94,Metallica,90.09,0.0659
7,4,7,"François Tremblay",4.95,Metallica,90.09,0.0549
7,4,8,"Phil Hughes",4.95,Metallica,90.09,0.0549
9,5,9,"Fernanda Ramos",3.96,Metallica,90.09,0.044
9,5,10,"Aaron Mitchell",3.96,Metallica,90.09,0.044
9,5,11,"Emma Jones",3.96,Metallica,90.09,0.044
12,6,12,"Kara Nielsen",1.98,Metallica,90.09,0.022
12,6,13,"Alexandre Rocha",1.98,Metallica,90.09,0.022
12,6,14,"Frank Ralston",1.98,Metallica,90.09,0.022
12,6,15,"Julia Barnett",1.98,Metallica,90.09,0.022
12,6,16,"Edward Francis",1.98,Metallica,90.09,0.022
12,6,17,"Martha Silk",1.98,Metallica,90.09,0.022
12,6,18,"Ellie Sullivan",1.98,Metallica,90.09,0.022
12,6,19,"Johannes Van der Berg",1.98,Metallica,90.09,0.022
12,6,20,"Enrique Muñoz",1.98,Metallica,90.09,0.022
21,7,21,"Leonie Köhler",0.99,Metallica,90.09,0.011
21,7,22,"Daan Peeters",0.99,Metallica,90.09,0.011
21,7,23,"John Gordon",0.99,Metallica,90.09,0.011
21,7,24,"Patrick Gray",0.99,Metallica,90.09,0.011
21,7,25,"Madalena Sampaio",0.99,Metallica,90.09,0.011
21,7,26,"Marc Dubois",0.99,Metallica,90.09,0.011
21,7,27,"Lucas Mancini",0.99,Metallica,90.09,0.011
1,1,1,"Bjørn Hansen",8.91,"Led Zeppelin",86.13,0.1034
1,1,2,"Isabelle Mercier",8.91,"Led Zeppelin",86.13,0.1034
3,2,3,"Michelle Brooks",5.94,"Led Zeppelin",86.13,0.069
3,2,4,"Niklas Schröder",5.94,"Led Zeppelin",86.13,0.069
3,2,5,"Luis Rojas",5.94,"Led Zeppelin",86.13,0.069
6,3,6,"Frank Ralston",4.95,"Led Zeppelin",86.13,0.0575
7,4,7,"Mark Philips",3.96,"Led Zeppelin",86.13,0.046
7,4,8,"Jennifer Peterson",3.96,"Led Zeppelin",86.13,0.046
7,4,9,"João Fernandes",3.96,"Led Zeppelin",86.13,0.046
7,4,10,"Fynn Zimmermann",3.96,"Led Zeppelin",86.13,0.046
7,4,11,"Phil Hughes",3.96,"Led Zeppelin",86.13,0.046
12,5,12,"Leonie Köhler",1.98,"Led Zeppelin",86.13,0.023
12,5,13,"Eduardo Martins",1.98,"Led Zeppelin",86.13,0.023
12,5,14,"Roberto Almeida",1.98,"Led Zeppelin",86.13,0.023
12,5,15,"Kathy Chase",1.98,"Led Zeppelin",86.13,0.023
12,5,16,"Edward Francis",1.98,"Led Zeppelin",86.13,0.023
12,5,17,"Aaron Mitchell",1.98,"Led Zeppelin",86.13,0.023
12,5,18,"Stanisław Wójcik",1.98,"Led Zeppelin",86.13,0.023
12,5,19,"Joakim Johansson",1.98,"Led Zeppelin",86.13,0.023
12,5,20,"Emma Jones",1.98,"Led Zeppelin",86.13,0.023
21,6,21,"Luís Gonçalves",0.99,"Led Zeppelin",86.13,0.0115
21,6,22,"Kara Nielsen",0.99,"Led Zeppelin",86.13,0.0115
21,6,23,"Robert Brown",0.99,"Led Zeppelin",86.13,0.0115
21,6,24,"Martha Silk",0.99,"Led Zeppelin",86.13,0.0115
21,6,25,"Marc Dubois",0.99,"Led Zeppelin",86.13,0.0115
21,6,26,"Terhi Hämäläinen",0.99,"Led Zeppelin",86.13,0.0115
21,6,27,"Steve Murray",0.99,"Led Zeppelin",86.13,0.0115
21,6,28,"Puja Srivastava",0.99,"Led Zeppelin",86.13,0.0115
1,1,1,"Helena Holý",15.92,Lost,81.59,0.1951
1,1,2,"Hugh O'Reilly",15.92,Lost,81.59,0.1951
3,2,3,"Richard Cunningham",13.93,Lost,81.59,0.1707
4,3,4,"Astrid Gruber",9.95,Lost,81.59,0.122
5,4,5,"Isabelle Mercier",5.97,Lost,81.59,0.0732
5,4,6,"Luis Rojas",5.97,Lost,81.59,0.0732
7,5,7,"Bjørn Hansen",3.98,Lost,81.59,0.0488
8,6,8,"François Tremblay",1.99,Lost,81.59,0.0244
8,6,9,"Jennifer Peterson",1.99,Lost,81.59,0.0244
8,6,10,"Frank Ralston",1.99,Lost,81.59,0.0244
8,6,11,"Dominique Lefebvre",1.99,Lost,81.59,0.0244
8,6,12,"Ladislav Kovács",1.99,Lost,81.59,0.0244
1,1,1,"Frank Ralston",9.95,"The Office",49.75,0.2
1,1,2,"Victor Stevens",9.95,"The Office",49.75,0.2
1,1,3,"Ladislav Kovács",9.95,"The Office",49.75,0.2
4,2,4,"František Wichterlová",3.98,"The Office",49.75,0.08
4,2,5,"Dan Miller",3.98,"The Office",49.75,0.08
4,2,6,"Heather Leacock",3.98,"The Office",49.75,0.08
4,2,7,"Julia Barnett",3.98,"The Office",49.75,0.08
8,3,8,"Tim Goyer",1.99,"The Office",49.75,0.04
8,3,9,"Manoj Pareek",1.99,"The Office",49.75,0.04
1,1,1,"Luís Gonçalves",5.94,"Os Paralamas Do Sucesso",44.55,0.1333
1,1,2,"Jennifer Peterson",5.94,"Os Paralamas Do Sucesso",44.55,0.1333
3,2,3,"Alexandre Rocha",3.96,"Os Paralamas Do Sucesso",44.55,0.0889
3,2,4,"Martha Silk",3.96,"Os Paralamas Do Sucesso",44.55,0.0889
3,2,5,"Aaron Mitchell",3.96,"Os Paralamas Do Sucesso",44.55,0.0889
6,3,6,"Madalena Sampaio",2.97,"Os Paralamas Do Sucesso",44.55,0.0667
6,3,7,"Steve Murray",2.97,"Os Paralamas Do Sucesso",44.55,0.0667
8,4,8,"Kara Nielsen",1.98,"Os Paralamas Do Sucesso",44.55,0.0444
8,4,9,"Kathy Chase",1.98,"Os Paralamas Do Sucesso",44.55,0.0444
8,4,10,"Patrick Gray",1.98,"Os Paralamas Do Sucesso",44.55,0.0444
8,4,11,"Robert Brown",1.98,"Os Paralamas Do Sucesso",44.55,0.0444
8,4,12,"Lucas Mancini",1.98,"Os Paralamas Do Sucesso",44.55,0.0444
8,4,13,"Stanisław Wójcik",1.98,"Os Paralamas Do Sucesso",44.55,0.0444
14,5,14,"Roberto Almeida",0.99,"Os Paralamas Do Sucesso",44.55,0.0222
14,5,15,"Richard Cunningham",0.99,"Os Paralamas Do Sucesso",44.55,0.0222
14,5,16,"Hugh O'Reilly",0.99,"Os Paralamas Do Sucesso",44.55,0.0222
1,1,1,"Michelle Brooks",8.91,"Deep Purple",43.56,0.2045
1,1,2,"Niklas Schröder",8.91,"Deep Purple",43.56,0.2045
3,2,3,"Eduardo Martins",6.93,"Deep Purple",43.56,0.1591
4,3,4,"Manoj Pareek",5.94,"Deep Purple",43.56,0.1364
5,4,5,"Tim Goyer",3.96,"Deep Purple",43.56,0.0909
5,4,6,"Stanisław Wójcik",3.96,"Deep Purple",43.56,0.0909
7,5,7,"Dan Miller",1.98,"Deep Purple",43.56,0.0455
8,6,8,"Martha Silk",0.99,"Deep Purple",43.56,0.0227
8,6,9,"Camille Bernard",0.99,"Deep Purple",43.56,0.0227
8,6,10,"Puja Srivastava",0.99,"Deep Purple",43.56,0.0227
1,1,1,"Daan Peeters",8.91,"Faith No More",41.58,0.2143
2,2,2,"Wyatt Girard",5.94,"Faith No More",41.58,0.1429
3,3,3,"Heather Leacock",4.95,"Faith No More",41.58,0.119
3,3,4,"Julia Barnett",4.95,"Faith No More",41.58,0.119
3,3,5,"Lucas Mancini",4.95,"Faith No More",41.58,0.119
6,4,6,"Niklas Schröder",3.96,"Faith No More",41.58,0.0952
7,5,7,"João Fernandes",1.98,"Faith No More",41.58,0.0476
7,5,8,"Hannah Schneider",1.98,"Faith No More",41.58,0.0476
7,5,9,"Diego Gutiérrez",1.98,"Faith No More",41.58,0.0476
10,6,10,"Ellie Sullivan",0.99,"Faith No More",41.58,0.0238
10,6,11,"Johannes Van der Berg",0.99,"Faith No More",41.58,0.0238
1,1,1,"Leonie Köhler",5.94,"Eric Clapton",39.6,0.15
2,2,2,"Michelle Brooks",3.96,"Eric Clapton",39.6,0.1
2,2,3,"Dan Miller",3.96,"Eric Clapton",39.6,0.1
2,2,4,"Lucas Mancini",3.96,"Eric Clapton",39.6,0.1
2,2,5,"Luis Rojas",3.96,"Eric Clapton",39.6,0.1
6,3,6,"Tim Goyer",2.97,"Eric Clapton",39.6,0.075
7,4,7,"Mark Philips",1.98,"Eric Clapton",39.6,0.05
7,4,8,"Frank Harris",1.98,"Eric Clapton",39.6,0.05
7,4,9,"Aaron Mitchell",1.98,"Eric Clapton",39.6,0.05
7,4,10,"João Fernandes",1.98,"Eric Clapton",39.6,0.05
7,4,11,"Marc Dubois",1.98,"Eric Clapton",39.6,0.05
12,5,12,"Fernanda Ramos",0.99,"Eric Clapton",39.6,0.025
12,5,13,"Heather Leacock",0.99,"Eric Clapton",39.6,0.025
12,5,14,"Martha Silk",0.99,"Eric Clapton",39.6,0.025
12,5,15,"Hannah Schneider",0.99,"Eric Clapton",39.6,0.025
12,5,16,"Fynn Zimmermann",0.99,"Eric Clapton",39.6,0.025
1,1,1,"Camille Bernard",4.95,R.E.M.,38.61,0.1282
1,1,2,"Phil Hughes",4.95,R.E.M.,38.61,0.1282
3,2,3,"Eduardo Martins",3.96,R.E.M.,38.61,0.1026
3,2,4,"Mark Philips",3.96,R.E.M.,38.61,0.1026
3,2,5,"Edward Francis",3.96,R.E.M.,38.61,0.1026
6,3,6,"Alexandre Rocha",2.97,R.E.M.,38.61,0.0769
7,4,7,"Helena Holý",1.98,R.E.M.,38.61,0.0513
7,4,8,"Daan Peeters",1.98,R.E.M.,38.61,0.0513
7,4,9,"Richard Cunningham",1.98,R.E.M.,38.61,0.0513
7,4,10,"Julia Barnett",1.98,R.E.M.,38.61,0.0513
7,4,11,"Puja Srivastava",1.98,R.E.M.,38.61,0.0513
12,5,12,"František Wichterlová",0.99,R.E.M.,38.61,0.0256
12,5,13,"Victor Stevens",0.99,R.E.M.,38.61,0.0256
12,5,14,"Ellie Sullivan",0.99,R.E.M.,38.61,0.0256
12,5,15,"Stanisław Wójcik",0.99,R.E.M.,38.61,0.0256
1,1,1,"Kara Nielsen",6.93,"Creedence Clearwater Revival",36.63,0.1892
2,2,2,"Isabelle Mercier",5.94,"Creedence Clearwater Revival",36.63,0.1622
3,3,3,"Robert Brown",3.96,"Creedence Clearwater Revival",36.63,0.1081
3,3,4,"Camille Bernard",3.96,"Creedence Clearwater Revival",36.63,0.1081
3,3,5,"Puja Srivastava",3.96,"Creedence Clearwater Revival",36.63,0.1081
6,4,6,"John Gordon",2.97,"Creedence Clearwater Revival",36.63,0.0811
7,5,7,"Fynn Zimmermann",1.98,"Creedence Clearwater Revival",36.63,0.0541
7,5,8,"Mark Taylor",1.98,"Creedence Clearwater Revival",36.63,0.0541
7,5,9,"Luis Rojas",1.98,"Creedence Clearwater Revival",36.63,0.0541
10,6,10,"Bjørn Hansen",0.99,"Creedence Clearwater Revival",36.63,0.027
10,6,11,"Dominique Lefebvre",0.99,"Creedence Clearwater Revival",36.63,0.027
10,6,12,"Steve Murray",0.99,"Creedence Clearwater Revival",36.63,0.027
1,1,1,"Frank Ralston",3.96,Queen,36.63,0.1081
1,1,2,"Robert Brown",3.96,Queen,36.63,0.1081
1,1,3,"Ellie Sullivan",3.96,Queen,36.63,0.1081
1,1,4,"Dominique Lefebvre",3.96,Queen,36.63,0.1081
1,1,5,"Enrique Muñoz",3.96,Queen,36.63,0.1081
6,2,6,"Alexandre Rocha",2.97,Queen,36.63,0.0811
7,3,7,"Leonie Köhler",1.98,Queen,36.63,0.0541
7,3,8,"Niklas Schröder",1.98,Queen,36.63,0.0541
7,3,9,"Terhi Hämäläinen",1.98,Queen,36.63,0.0541
7,3,10,"Ladislav Kovács",1.98,Queen,36.63,0.0541
7,3,11,"Lucas Mancini",1.98,Queen,36.63,0.0541
12,4,12,"Patrick Gray",0.99,Queen,36.63,0.027
12,4,13,"Edward Francis",0.99,Queen,36.63,0.027
12,4,14,"Marc Dubois",0.99,Queen,36.63,0.027
12,4,15,"Stanisław Wójcik",0.99,Queen,36.63,0.027
1,1,1,"Julia Barnett",7.96,"Battlestar Galactica (Classic)",35.82,0.2222
1,1,2,"Terhi Hämäläinen",7.96,"Battlestar Galactica (Classic)",35.82,0.2222
3,2,3,"Johannes Van der Berg",5.97,"Battlestar Galactica (Classic)",35.82,0.1667
4,3,4,"Luís Gonçalves",3.98,"Battlestar Galactica (Classic)",35.82,0.1111
4,3,5,"Wyatt Girard",3.98,"Battlestar Galactica (Classic)",35.82,0.1111
6,4,6,"João Fernandes",1.99,"Battlestar Galactica (Classic)",35.82,0.0556
6,4,7,"Ladislav Kovács",1.99,"Battlestar Galactica (Classic)",35.82,0.0556
6,4,8,"Puja Srivastava",1.99,"Battlestar Galactica (Classic)",35.82,0.0556
1,1,1,"Luís Gonçalves",5.94,"Guns N' Roses",35.64,0.1667
1,1,2,"Richard Cunningham",5.94,"Guns N' Roses",35.64,0.1667
1,1,3,"Hugh O'Reilly",5.94,"Guns N' Roses",35.64,0.1667
4,2,4,"Jack Smith",3.96,"Guns N' Roses",35.64,0.1111
5,3,5,"Kathy Chase",2.97,"Guns N' Roses",35.64,0.0833
6,4,6,"Astrid Gruber",1.98,"Guns N' Roses",35.64,0.0556
6,4,7,"Fernanda Ramos",1.98,"Guns N' Roses",35.64,0.0556
6,4,8,"Jennifer Peterson",1.98,"Guns N' Roses",35.64,0.0556
6,4,9,"Dominique Lefebvre",1.98,"Guns N' Roses",35.64,0.0556
6,4,10,"Diego Gutiérrez",1.98,"Guns N' Roses",35.64,0.0556
11,5,11,"Roberto Almeida",0.99,"Guns N' Roses",35.64,0.0278
1,1,1,"Jack Smith",5.94,"Titãs",33.66,0.1765
2,2,2,"Martha Silk",4.95,"Titãs",33.66,0.1471
2,2,3,"Joakim Johansson",4.95,"Titãs",33.66,0.1471
2,2,4,"Diego Gutiérrez",4.95,"Titãs",33.66,0.1471
5,3,5,"Lucas Mancini",3.96,"Titãs",33.66,0.1176
6,4,6,"Fynn Zimmermann",2.97,"Titãs",33.66,0.0882
7,5,7,"Isabelle Mercier",1.98,"Titãs",33.66,0.0588
7,5,8,"Ladislav Kovács",1.98,"Titãs",33.66,0.0588
9,6,9,"Helena Holý",0.99,"Titãs",33.66,0.0294
9,6,10,"Wyatt Girard",0.99,"Titãs",33.66,0.0294
1,1,1,"Kathy Chase",3.96,"Green Day",32.67,0.1212
2,2,2,"František Wichterlová",2.97,"Green Day",32.67,0.0909
2,2,3,"Victor Stevens",2.97,"Green Day",32.67,0.0909
2,2,4,"Richard Cunningham",2.97,"Green Day",32.67,0.0909
2,2,5,"Edward Francis",2.97,"Green Day",32.67,0.0909
2,2,6,"Dominique Lefebvre",2.97,"Green Day",32.67,0.0909
2,2,7,"Enrique Muñoz",2.97,"Green Day",32.67,0.0909
8,3,8,"Emma Jones",1.98,"Green Day",32.67,0.0606
8,3,9,"Steve Murray",1.98,"Green Day",32.67,0.0606
8,3,10,"Diego Gutiérrez",1.98,"Green Day",32.67,0.0606
8,3,11,"Luis Rojas",1.98,"Green Day",32.67,0.0606
12,4,12,"Alexandre Rocha",0.99,"Green Day",32.67,0.0303
12,4,13,"Tim Goyer",0.99,"Green Day",32.67,0.0303
12,4,14,"Joakim Johansson",0.99,"Green Day",32.67,0.0303
1,1,1,"Edward Francis",7.92,"Pearl Jam",31.68,0.25
2,2,2,"Eduardo Martins",6.93,"Pearl Jam",31.68,0.2188
3,3,3,"Enrique Muñoz",5.94,"Pearl Jam",31.68,0.1875
4,4,4,"Leonie Köhler",4.95,"Pearl Jam",31.68,0.1563
5,5,5,"Alexandre Rocha",3.96,"Pearl Jam",31.68,0.125
6,6,6,"Marc Dubois",1.98,"Pearl Jam",31.68,0.0625
1,1,1,"Terhi Hämäläinen",4.95,Kiss,30.69,0.1613
2,2,2,"Luís Gonçalves",3.96,Kiss,30.69,0.129
2,2,3,"Edward Francis",3.96,Kiss,30.69,0.129
4,3,4,"Ellie Sullivan",2.97,Kiss,30.69,0.0968
5,4,5,"Leonie Köhler",1.98,Kiss,30.69,0.0645
5,4,6,"Jennifer Peterson",1.98,Kiss,30.69,0.0645
5,4,7,"Fynn Zimmermann",1.98,Kiss,30.69,0.0645
5,4,8,"Steve Murray",1.98,Kiss,30.69,0.0645
5,4,9,"Diego Gutiérrez",1.98,Kiss,30.69,0.0645
5,4,10,"Manoj Pareek",1.98,Kiss,30.69,0.0645
11,5,11,"João Fernandes",0.99,Kiss,30.69,0.0323
11,5,12,"Johannes Van der Berg",0.99,Kiss,30.69,0.0323
11,5,13,"Mark Taylor",0.99,Kiss,30.69,0.0323
1,1,1,"Hannah Schneider",7.92,"Van Halen",28.71,0.2759
2,2,2,"Frank Harris",5.94,"Van Halen",28.71,0.2069
2,2,3,"Terhi Hämäläinen",5.94,"Van Halen",28.71,0.2069
4,3,4,"František Wichterlová",3.96,"Van Halen",28.71,0.1379
5,4,5,"Victor Stevens",1.98,"Van Halen",28.71,0.069
5,4,6,"Mark Taylor",1.98,"Van Halen",28.71,0.069
7,5,7,"Edward Francis",0.99,"Van Halen",28.71,0.0345
1,1,1,"Luís Gonçalves",3.96,"Various Artists",28.71,0.1379
1,1,2,"Marc Dubois",3.96,"Various Artists",28.71,0.1379
3,2,3,"John Gordon",2.97,"Various Artists",28.71,0.1034
3,2,4,"Dominique Lefebvre",2.97,"Various Artists",28.71,0.1034
5,3,5,"Leonie Köhler",1.98,"Various Artists",28.71,0.069
5,3,6,"Dan Miller",1.98,"Various Artists",28.71,0.069
5,3,7,"Kathy Chase",1.98,"Various Artists",28.71,0.069
5,3,8,"Madalena Sampaio",1.98,"Various Artists",28.71,0.069
5,3,9,"Camille Bernard",1.98,"Various Artists",28.71,0.069
10,4,10,"François Tremblay",0.99,"Various Artists",28.71,0.0345
10,4,11,"Kara Nielsen",0.99,"Various Artists",28.71,0.0345
10,4,12,"Tim Goyer",0.99,"Various Artists",28.71,0.0345
10,4,13,"João Fernandes",0.99,"Various Artists",28.71,0.0345
10,4,14,"Puja Srivastava",0.99,"Various Artists",28.71,0.0345
1,1,1,"Richard Cunningham",4.95,"Chico Buarque",26.73,0.1852
2,2,2,"Wyatt Girard",3.96,"Chico Buarque",26.73,0.1481
3,3,3,"Roberto Almeida",2.97,"Chico Buarque",26.73,0.1111
3,3,4,"Joakim Johansson",2.97,"Chico Buarque",26.73,0.1111
5,4,5,"Alexandre Rocha",1.98,"Chico Buarque",26.73,0.0741
5,4,6,"Martha Silk",1.98,"Chico Buarque",26.73,0.0741
5,4,7,"Niklas Schröder",1.98,"Chico Buarque",26.73,0.0741
5,4,8,"Dominique Lefebvre",1.98,"Chico Buarque",26.73,0.0741
5,4,9,"Puja Srivastava",1.98,"Chico Buarque",26.73,0.0741
10,5,10,"Fynn Zimmermann",0.99,"Chico Buarque",26.73,0.037
10,5,11,"Camille Bernard",0.99,"Chico Buarque",26.73,0.037
1,1,1,"Dominique Lefebvre",7.92,"Red Hot Chili Peppers",26.73,0.2963
2,2,2,"Johannes Van der Berg",5.94,"Red Hot Chili Peppers",26.73,0.2222
3,3,3,"Dan Miller",4.95,"Red Hot Chili Peppers",26.73,0.1852
4,4,4,"Kara Nielsen",3.96,"Red Hot Chili Peppers",26.73,0.1481
5,5,5,"Robert Brown",1.98,"Red Hot Chili Peppers",26.73,0.0741
5,5,6,"Puja Srivastava",1.98,"Red Hot Chili Peppers",26.73,0.0741
1,1,1,"Fynn Zimmermann",5.97,Heroes,25.87,0.2308
1,1,2,"Luis Rojas",5.97,Heroes,25.87,0.2308
3,2,3,"Helena Holý",3.98,Heroes,25.87,0.1538
3,2,4,"Richard Cunningham",3.98,Heroes,25.87,0.1538
5,3,5,"František Wichterlová",1.99,Heroes,25.87,0.0769
5,3,6,"Camille Bernard",1.99,Heroes,25.87,0.0769
5,3,7,"Ladislav Kovács",1.99,Heroes,25.87,0.0769
1,1,1,"Terhi Hämäläinen",4.95,"Lenny Kravitz",25.74,0.1923
2,2,2,"František Wichterlová",1.98,"Lenny Kravitz",25.74,0.0769
2,2,3,"Kara Nielsen",1.98,"Lenny Kravitz",25.74,0.0769
2,2,4,"Eduardo Martins",1.98,"Lenny Kravitz",25.74,0.0769
2,2,5,"Fernanda Ramos",1.98,"Lenny Kravitz",25.74,0.0769
2,2,6,"Ladislav Kovács",1.98,"Lenny Kravitz",25.74,0.0769
2,2,7,"Stanisław Wójcik",1.98,"Lenny Kravitz",25.74,0.0769
2,2,8,"Enrique Muñoz",1.98,"Lenny Kravitz",25.74,0.0769
9,3,9,"Alexandre Rocha",0.99,"Lenny Kravitz",25.74,0.0385
9,3,10,"Victor Stevens",0.99,"Lenny Kravitz",25.74,0.0385
9,3,11,"Robert Brown",0.99,"Lenny Kravitz",25.74,0.0385
9,3,12,"Edward Francis",0.99,"Lenny Kravitz",25.74,0.0385
9,3,13,"Ellie Sullivan",0.99,"Lenny Kravitz",25.74,0.0385
9,3,14,"Johannes Van der Berg",0.99,"Lenny Kravitz",25.74,0.0385
9,3,15,"Emma Jones",0.99,"Lenny Kravitz",25.74,0.0385
1,1,1,"Roberto Almeida",5.94,"Chico Science & Nação Zumbi",24.75,0.24
1,1,2,"Aaron Mitchell",5.94,"Chico Science & Nação Zumbi",24.75,0.24
1,1,3,"Hugh O'Reilly",5.94,"Chico Science & Nação Zumbi",24.75,0.24
4,2,4,"Luís Gonçalves",2.97,"Chico Science & Nação Zumbi",24.75,0.12
5,3,5,"Joakim Johansson",1.98,"Chico Science & Nação Zumbi",24.75,0.08
5,3,6,"Emma Jones",1.98,"Chico Science & Nação Zumbi",24.75,0.08
1,1,1,"Fynn Zimmermann",5.97,"Battlestar Galactica",23.88,0.25
1,1,2,"Luis Rojas",5.97,"Battlestar Galactica",23.88,0.25
3,2,3,"Helena Holý",3.98,"Battlestar Galactica",23.88,0.1667
3,2,4,"Jack Smith",3.98,"Battlestar Galactica",23.88,0.1667
5,3,5,"Richard Cunningham",1.99,"Battlestar Galactica",23.88,0.0833
5,3,6,"Joakim Johansson",1.99,"Battlestar Galactica",23.88,0.0833
1,1,1,"Joakim Johansson",3.96,"Ozzy Osbourne",23.76,0.1667
2,2,2,"Luís Gonçalves",2.97,"Ozzy Osbourne",23.76,0.125
2,2,3,"Kara Nielsen",2.97,"Ozzy Osbourne",23.76,0.125
2,2,4,"Kathy Chase",2.97,"Ozzy Osbourne",23.76,0.125
2,2,5,"Madalena Sampaio",2.97,"Ozzy Osbourne",23.76,0.125
2,2,6,"Mark Taylor",2.97,"Ozzy Osbourne",23.76,0.125
7,3,7,"João Fernandes",1.98,"Ozzy Osbourne",23.76,0.0833
7,3,8,"Steve Murray",1.98,"Ozzy Osbourne",23.76,0.0833
9,4,9,"Marc Dubois",0.99,"Ozzy Osbourne",23.76,0.0417
1,1,1,"Daan Peeters",3.96,"Smashing Pumpkins",23.76,0.1667
1,1,2,"Robert Brown",3.96,"Smashing Pumpkins",23.76,0.1667
1,1,3,"Stanisław Wójcik",3.96,"Smashing Pumpkins",23.76,0.1667
4,2,4,"Kara Nielsen",2.97,"Smashing Pumpkins",23.76,0.125
5,3,5,"Bjørn Hansen",1.98,"Smashing Pumpkins",23.76,0.0833
5,3,6,"Helena Holý",1.98,"Smashing Pumpkins",23.76,0.0833
5,3,7,"Roberto Almeida",1.98,"Smashing Pumpkins",23.76,0.0833
8,4,8,"François Tremblay",0.99,"Smashing Pumpkins",23.76,0.0417
8,4,9,"John Gordon",0.99,"Smashing Pumpkins",23.76,0.0417
8,4,10,"Frank Ralston",0.99,"Smashing Pumpkins",23.76,0.0417
1,1,1,"Alexandre Rocha",5.94,"Tim Maia",23.76,0.25
2,2,2,"Patrick Gray",3.96,"Tim Maia",23.76,0.1667
2,2,3,"Diego Gutiérrez",3.96,"Tim Maia",23.76,0.1667
4,3,4,"John Gordon",1.98,"Tim Maia",23.76,0.0833
4,3,5,"Victor Stevens",1.98,"Tim Maia",23.76,0.0833
4,3,6,"Julia Barnett",1.98,"Tim Maia",23.76,0.0833
7,4,7,"Jack Smith",0.99,"Tim Maia",23.76,0.0417
7,4,8,"Heather Leacock",0.99,"Tim Maia",23.76,0.0417
7,4,9,"Martha Silk",0.99,"Tim Maia",23.76,0.0417
7,4,10,"Enrique Muñoz",0.99,"Tim Maia",23.76,0.0417
1,1,1,"Dan Miller",3.96,"Antônio Carlos Jobim",21.78,0.1818
2,2,2,"Leonie Köhler",1.98,"Antônio Carlos Jobim",21.78,0.0909
2,2,3,"Mark Philips",1.98,"Antônio Carlos Jobim",21.78,0.0909
2,2,4,"Frank Harris",1.98,"Antônio Carlos Jobim",21.78,0.0909
2,2,5,"Michelle Brooks",1.98,"Antônio Carlos Jobim",21.78,0.0909
2,2,6,"Kathy Chase",1.98,"Antônio Carlos Jobim",21.78,0.0909
2,2,7,"Heather Leacock",1.98,"Antônio Carlos Jobim",21.78,0.0909
2,2,8,"Marc Dubois",1.98,"Antônio Carlos Jobim",21.78,0.0909
9,3,9,"François Tremblay",0.99,"Antônio Carlos Jobim",21.78,0.0455
9,3,10,"Jennifer Peterson",0.99,"Antônio Carlos Jobim",21.78,0.0455
9,3,11,"Wyatt Girard",0.99,"Antônio Carlos Jobim",21.78,0.0455
9,3,12,"Phil Hughes",0.99,"Antônio Carlos Jobim",21.78,0.0455
1,1,1,"Jack Smith",4.95,"Foo Fighters",21.78,0.2273
1,1,2,"Johannes Van der Berg",4.95,"Foo Fighters",21.78,0.2273
1,1,3,"Diego Gutiérrez",4.95,"Foo Fighters",21.78,0.2273
4,2,4,"Fynn Zimmermann",3.96,"Foo Fighters",21.78,0.1818
5,3,5,"Julia Barnett",1.98,"Foo Fighters",21.78,0.0909
6,4,6,"Luis Rojas",0.99,"Foo Fighters",21.78,0.0455
1,1,1,"Helena Holý",4.95,"Caetano Veloso",20.79,0.2381
2,2,2,"Heather Leacock",3.96,"Caetano Veloso",20.79,0.1905
2,2,3,"Joakim Johansson",3.96,"Caetano Veloso",20.79,0.1905
4,3,4,"Michelle Brooks",1.98,"Caetano Veloso",20.79,0.0952
4,3,5,"Dan Miller",1.98,"Caetano Veloso",20.79,0.0952
4,3,6,"John Gordon",1.98,"Caetano Veloso",20.79,0.0952
7,4,7,"Jack Smith",0.99,"Caetano Veloso",20.79,0.0476
7,4,8,"Richard Cunningham",0.99,"Caetano Veloso",20.79,0.0476
1,1,1,"Bjørn Hansen",4.95,"Cássia Eller",20.79,0.2381
1,1,2,"Robert Brown",4.95,"Cássia Eller",20.79,0.2381
1,1,3,"Stanisław Wójcik",4.95,"Cássia Eller",20.79,0.2381
4,2,4,"Michelle Brooks",2.97,"Cássia Eller",20.79,0.1429
5,3,5,"Eduardo Martins",1.98,"Cássia Eller",20.79,0.0952
6,4,6,"Kara Nielsen",0.99,"Cássia Eller",20.79,0.0476
1,1,1,"Frank Harris",3.96,"Gilberto Gil",19.8,0.2
1,1,2,"Fynn Zimmermann",3.96,"Gilberto Gil",19.8,0.2
3,2,3,"Jack Smith",2.97,"Gilberto Gil",19.8,0.15
3,2,4,"Luis Rojas",2.97,"Gilberto Gil",19.8,0.15
5,3,5,"Roberto Almeida",1.98,"Gilberto Gil",19.8,0.1
5,3,6,"Mark Philips",1.98,"Gilberto Gil",19.8,0.1
7,4,7,"Alexandre Rocha",0.99,"Gilberto Gil",19.8,0.05
7,4,8,"Diego Gutiérrez",0.99,"Gilberto Gil",19.8,0.05
1,1,1,"František Wichterlová",2.97,"Spyro Gyra",19.8,0.15
2,2,2,"Jack Smith",1.98,"Spyro Gyra",19.8,0.1
2,2,3,"Michelle Brooks",1.98,"Spyro Gyra",19.8,0.1
2,2,4,"Edward Francis",1.98,"Spyro Gyra",19.8,0.1
2,2,5,"Aaron Mitchell",1.98,"Spyro Gyra",19.8,0.1
2,2,6,"Terhi Hämäläinen",1.98,"Spyro Gyra",19.8,0.1
2,2,7,"Enrique Muñoz",1.98,"Spyro Gyra",19.8,0.1
8,3,8,"Frank Harris",0.99,"Spyro Gyra",19.8,0.05
8,3,9,"Tim Goyer",0.99,"Spyro Gyra",19.8,0.05
8,3,10,"Isabelle Mercier",0.99,"Spyro Gyra",19.8,0.05
8,3,11,"Hugh O'Reilly",0.99,"Spyro Gyra",19.8,0.05
8,3,12,"Stanisław Wójcik",0.99,"Spyro Gyra",19.8,0.05
1,1,1,"Enrique Muñoz",4.95,"The Who",18.81,0.2632
2,2,2,"Astrid Gruber",3.96,"The Who",18.81,0.2105
3,3,3,"Julia Barnett",2.97,"The Who",18.81,0.1579
4,4,4,"François Tremblay",1.98,"The Who",18.81,0.1053
4,4,5,"František Wichterlová",1.98,"The Who",18.81,0.1053
4,4,6,"Daan Peeters",1.98,"The Who",18.81,0.1053
7,5,7,"Leonie Köhler",0.99,"The Who",18.81,0.0526
1,1,1,"Astrid Gruber",3.96,"Amy Winehouse",17.82,0.2222
1,1,2,"John Gordon",3.96,"Amy Winehouse",17.82,0.2222
3,2,3,"Tim Goyer",1.98,"Amy Winehouse",17.82,0.1111
3,2,4,"Kathy Chase",1.98,"Amy Winehouse",17.82,0.1111
3,2,5,"Frank Ralston",1.98,"Amy Winehouse",17.82,0.1111
3,2,6,"Patrick Gray",1.98,"Amy Winehouse",17.82,0.1111
7,3,7,"Fernanda Ramos",0.99,"Amy Winehouse",17.82,0.0556
7,3,8,"Michelle Brooks",0.99,"Amy Winehouse",17.82,0.0556
1,1,1,"Fynn Zimmermann",3.96,Djavan,17.82,0.2222
2,2,2,"Tim Goyer",2.97,Djavan,17.82,0.1667
2,2,3,"Manoj Pareek",2.97,Djavan,17.82,0.1667
4,3,4,"Ellie Sullivan",1.98,Djavan,17.82,0.1111
4,3,5,"Madalena Sampaio",1.98,Djavan,17.82,0.1111
4,3,6,"Niklas Schröder",1.98,Djavan,17.82,0.1111
7,4,7,"Aaron Mitchell",0.99,Djavan,17.82,0.0556
7,4,8,"Marc Dubois",0.99,Djavan,17.82,0.0556
1,1,1,"Helena Holý",5.94,Jamiroquai,17.82,0.3333
2,2,2,"Ladislav Kovács",4.95,Jamiroquai,17.82,0.2778
3,3,3,"Mark Philips",2.97,Jamiroquai,17.82,0.1667
3,3,4,"João Fernandes",2.97,Jamiroquai,17.82,0.1667
5,4,5,"Victor Stevens",0.99,Jamiroquai,17.82,0.0556
1,1,1,"Daan Peeters",4.95,"The Rolling Stones",17.82,0.2778
1,1,2,"Lucas Mancini",4.95,"The Rolling Stones",17.82,0.2778
3,2,3,"Patrick Gray",3.96,"The Rolling Stones",17.82,0.2222
3,2,4,"Julia Barnett",3.96,"The Rolling Stones",17.82,0.2222
1,1,1,"Manoj Pareek",3.96,"Gene Krupa",16.83,0.2353
2,2,2,"Dominique Lefebvre",2.97,"Gene Krupa",16.83,0.1765
3,3,3,"Dan Miller",1.98,"Gene Krupa",16.83,0.1176
3,3,4,"Steve Murray",1.98,"Gene Krupa",16.83,0.1176
3,3,5,"Diego Gutiérrez",1.98,"Gene Krupa",16.83,0.1176
3,3,6,"Puja Srivastava",1.98,"Gene Krupa",16.83,0.1176
7,4,7,"François Tremblay",0.99,"Gene Krupa",16.83,0.0588
7,4,8,"Phil Hughes",0.99,"Gene Krupa",16.83,0.0588
1,1,1,"Terhi Hämäläinen",4.95,"Legião Urbana",16.83,0.2941
2,2,2,"Frank Ralston",3.96,"Legião Urbana",16.83,0.2353
2,2,3,"Emma Jones",3.96,"Legião Urbana",16.83,0.2353
4,3,4,"Fernanda Ramos",2.97,"Legião Urbana",16.83,0.1765
5,4,5,"Ellie Sullivan",0.99,"Legião Urbana",16.83,0.0588
1,1,1,"Dominique Lefebvre",2.97,"Miles Davis",16.83,0.1765
1,1,2,"Puja Srivastava",2.97,"Miles Davis",16.83,0.1765
3,2,3,"François Tremblay",1.98,"Miles Davis",16.83,0.1176
3,2,4,"Dan Miller",1.98,"Miles Davis",16.83,0.1176
3,2,5,"John Gordon",1.98,"Miles Davis",16.83,0.1176
3,2,6,"Martha Silk",1.98,"Miles Davis",16.83,0.1176
3,2,7,"Camille Bernard",1.98,"Miles Davis",16.83,0.1176
8,3,8,"Joakim Johansson",0.99,"Miles Davis",16.83,0.0588
1,1,1,"Hugh O'Reilly",3.96,"The Tea Party",16.83,0.2353
2,2,2,"Daan Peeters",2.97,"The Tea Party",16.83,0.1765
2,2,3,"Julia Barnett",2.97,"The Tea Party",16.83,0.1765
4,3,4,"Wyatt Girard",1.98,"The Tea Party",16.83,0.1176
4,3,5,"Terhi Hämäläinen",1.98,"The Tea Party",16.83,0.1176
4,3,6,"Lucas Mancini",1.98,"The Tea Party",16.83,0.1176
7,4,7,"Marc Dubois",0.99,"The Tea Party",16.83,0.0588
1,1,1,"Bjørn Hansen",3.96,AC/DC,15.84,0.25
2,2,2,"Fernanda Ramos",2.97,AC/DC,15.84,0.1875
2,2,3,"Ellie Sullivan",2.97,AC/DC,15.84,0.1875
2,2,4,"Lucas Mancini",2.97,AC/DC,15.84,0.1875
5,3,5,"Daan Peeters",1.98,AC/DC,15.84,0.125
6,4,6,"Phil Hughes",0.99,AC/DC,15.84,0.0625
1,1,1,"François Tremblay",2.97,Audioslave,15.84,0.1875
1,1,2,"Wyatt Girard",2.97,Audioslave,15.84,0.1875
3,2,3,"Heather Leacock",1.98,Audioslave,15.84,0.125
3,2,4,"John Gordon",1.98,Audioslave,15.84,0.125
3,2,5,"Frank Ralston",1.98,Audioslave,15.84,0.125
3,2,6,"Isabelle Mercier",1.98,Audioslave,15.84,0.125
7,3,7,"Bjørn Hansen",0.99,Audioslave,15.84,0.0625
7,3,8,"Mark Philips",0.99,Audioslave,15.84,0.0625
1,1,1,"Emma Jones",4.95,"Cidade Negra",15.84,0.3125
2,2,2,"Kathy Chase",3.96,"Cidade Negra",15.84,0.25
3,3,3,"Luís Gonçalves",2.97,"Cidade Negra",15.84,0.1875
3,3,4,"Aaron Mitchell",2.97,"Cidade Negra",15.84,0.1875
5,4,5,"Marc Dubois",0.99,"Cidade Negra",15.84,0.0625
1,1,1,"Tim Goyer",4.95,"The Cult",15.84,0.3125
2,2,2,"Patrick Gray",3.96,"The Cult",15.84,0.25
3,3,3,"Lucas Mancini",2.97,"The Cult",15.84,0.1875
4,4,4,"Daan Peeters",1.98,"The Cult",15.84,0.125
4,4,5,"Manoj Pareek",1.98,"The Cult",15.84,0.125
1,1,1,"John Gordon",4.95,"Milton Nascimento",14.85,0.3333
2,2,2,"Martha Silk",2.97,"Milton Nascimento",14.85,0.2
2,2,3,"Joakim Johansson",2.97,"Milton Nascimento",14.85,0.2
4,3,4,"François Tremblay",1.98,"Milton Nascimento",14.85,0.1333
4,3,5,"Roberto Almeida",1.98,"Milton Nascimento",14.85,0.1333
1,1,1,"Roberto Almeida",3.96,Soundgarden,14.85,0.2667
1,1,2,"Julia Barnett",3.96,Soundgarden,14.85,0.2667
3,2,3,"Richard Cunningham",1.98,Soundgarden,14.85,0.1333
3,2,4,"Stanisław Wójcik",1.98,Soundgarden,14.85,0.1333
5,3,5,"Frank Ralston",0.99,Soundgarden,14.85,0.0667
5,3,6,"Robert Brown",0.99,Soundgarden,14.85,0.0667
5,3,7,"Aaron Mitchell",0.99,Soundgarden,14.85,0.0667
1,1,1,"François Tremblay",3.96,"Toquinho & Vinícius",14.85,0.2667
2,2,2,"Tim Goyer",2.97,"Toquinho & Vinícius",14.85,0.2
3,3,3,"Jennifer Peterson",1.98,"Toquinho & Vinícius",14.85,0.1333
3,3,4,"Jack Smith",1.98,"Toquinho & Vinícius",14.85,0.1333
3,3,5,"Dan Miller",1.98,"Toquinho & Vinícius",14.85,0.1333
6,4,6,"Mark Philips",0.99,"Toquinho & Vinícius",14.85,0.0667
6,4,7,"Dominique Lefebvre",0.99,"Toquinho & Vinícius",14.85,0.0667
1,1,1,"Fernanda Ramos",4.95,"The Black Crowes",13.86,0.3571
2,2,2,"Niklas Schröder",3.96,"The Black Crowes",13.86,0.2857
3,3,3,"Manoj Pareek",2.97,"The Black Crowes",13.86,0.2143
4,4,4,"Michelle Brooks",0.99,"The Black Crowes",13.86,0.0714
4,4,5,"Patrick Gray",0.99,"The Black Crowes",13.86,0.0714
1,1,1,"Marc Dubois",2.97,"Elis Regina",12.87,0.2308
2,2,2,"Phil Hughes",1.98,"Elis Regina",12.87,0.1538
2,2,3,"Mark Taylor",1.98,"Elis Regina",12.87,0.1538
2,2,4,"Luis Rojas",1.98,"Elis Regina",12.87,0.1538
2,2,5,"Manoj Pareek",1.98,"Elis Regina",12.87,0.1538
6,3,6,"Tim Goyer",0.99,"Elis Regina",12.87,0.0769
6,3,7,"Emma Jones",0.99,"Elis Regina",12.87,0.0769
1,1,1,"Emma Jones",3.96,"Lulu Santos",12.87,0.3077
2,2,2,"Fernanda Ramos",2.97,"Lulu Santos",12.87,0.2308
2,2,3,"Ellie Sullivan",2.97,"Lulu Santos",12.87,0.2308
2,2,4,"Phil Hughes",2.97,"Lulu Santos",12.87,0.2308
1,1,1,"Enrique Muñoz",2.97,"O Terço",12.87,0.2308
2,2,2,"Aaron Mitchell",1.98,"O Terço",12.87,0.1538
2,2,3,"Hugh O'Reilly",1.98,"O Terço",12.87,0.1538
2,2,4,"Johannes Van der Berg",1.98,"O Terço",12.87,0.1538
2,2,5,"Joakim Johansson",1.98,"O Terço",12.87,0.1538
6,3,6,"Roberto Almeida",0.99,"O Terço",12.87,0.0769
6,3,7,"Ladislav Kovács",0.99,"O Terço",12.87,0.0769
1,1,1,"Ladislav Kovács",2.97,"Bruce Dickinson",11.88,0.25
2,2,2,"François Tremblay",1.98,"Bruce Dickinson",11.88,0.1667
2,2,3,"Luis Rojas",1.98,"Bruce Dickinson",11.88,0.1667
2,2,4,"Puja Srivastava",1.98,"Bruce Dickinson",11.88,0.1667
5,3,5,"Leonie Köhler",0.99,"Bruce Dickinson",11.88,0.0833
5,3,6,"John Gordon",0.99,"Bruce Dickinson",11.88,0.0833
5,3,7,"Diego Gutiérrez",0.99,"Bruce Dickinson",11.88,0.0833
1,1,1,"Puja Srivastava",3.96,"James Brown",11.88,0.3333
2,2,2,"Victor Stevens",2.97,"James Brown",11.88,0.25
2,2,3,"Ladislav Kovács",2.97,"James Brown",11.88,0.25
4,3,4,"Mark Philips",1.98,"James Brown",11.88,0.1667
1,1,1,"Roberto Almeida",3.96,Nirvana,11.88,0.3333
2,2,2,"Aaron Mitchell",2.97,Nirvana,11.88,0.25
2,2,3,"Joakim Johansson",2.97,Nirvana,11.88,0.25
4,3,4,"Martha Silk",1.98,Nirvana,11.88,0.1667
1,1,1,"Robert Brown",1.98,Santana,11.88,0.1667
1,1,2,"Dominique Lefebvre",1.98,Santana,11.88,0.1667
1,1,3,"Johannes Van der Berg",1.98,Santana,11.88,0.1667
1,1,4,"Puja Srivastava",1.98,Santana,11.88,0.1667
5,2,5,"Kara Nielsen",0.99,Santana,11.88,0.0833
5,2,6,"Dan Miller",0.99,Santana,11.88,0.0833
5,2,7,"Camille Bernard",0.99,Santana,11.88,0.0833
5,2,8,"Stanisław Wójcik",0.99,Santana,11.88,0.0833
1,1,1,"Kara Nielsen",3.96,"System Of A Down",11.88,0.3333
2,2,2,"Astrid Gruber",1.98,"System Of A Down",11.88,0.1667
2,2,3,"Michelle Brooks",1.98,"System Of A Down",11.88,0.1667
2,2,4,"Niklas Schröder",1.98,"System Of A Down",11.88,0.1667
2,2,5,"Emma Jones",1.98,"System Of A Down",11.88,0.1667
1,1,1,"Marc Dubois",3.96,"Body Count",10.89,0.3636
2,2,2,"François Tremblay",1.98,"Body Count",10.89,0.1818
2,2,3,"John Gordon",1.98,"Body Count",10.89,0.1818
4,3,4,"Camille Bernard",0.99,"Body Count",10.89,0.0909
4,3,5,"Wyatt Girard",0.99,"Body Count",10.89,0.0909
4,3,6,"Ladislav Kovács",0.99,"Body Count",10.89,0.0909
1,1,1,"Daan Peeters",3.96,Aerosmith,9.9,0.4
2,2,2,"Phil Hughes",2.97,Aerosmith,9.9,0.3
3,3,3,"Ellie Sullivan",1.98,Aerosmith,9.9,0.2
4,4,4,"Heather Leacock",0.99,Aerosmith,9.9,0.1
1,1,1,"Jack Smith",2.97,"Frank Sinatra",9.9,0.3
1,1,2,"Luis Rojas",2.97,"Frank Sinatra",9.9,0.3
3,2,3,"Fynn Zimmermann",1.98,"Frank Sinatra",9.9,0.2
3,2,4,"Diego Gutiérrez",1.98,"Frank Sinatra",9.9,0.2
1,1,1,"Robert Brown",1.98,"Judas Priest",9.9,0.2
1,1,2,"Martha Silk",1.98,"Judas Priest",9.9,0.2
1,1,3,"Steve Murray",1.98,"Judas Priest",9.9,0.2
4,2,4,"Jennifer Peterson",0.99,"Judas Priest",9.9,0.1
4,2,5,"Julia Barnett",0.99,"Judas Priest",9.9,0.1
4,2,6,"Ellie Sullivan",0.99,"Judas Priest",9.9,0.1
4,2,7,"João Fernandes",0.99,"Judas Priest",9.9,0.1
1,1,1,"Daan Peeters",1.98,"Marvin Gaye",9.9,0.2
1,1,2,"Fernanda Ramos",1.98,"Marvin Gaye",9.9,0.2
1,1,3,"Ellie Sullivan",1.98,"Marvin Gaye",9.9,0.2
1,1,4,"Phil Hughes",1.98,"Marvin Gaye",9.9,0.2
5,2,5,"Astrid Gruber",0.99,"Marvin Gaye",9.9,0.1
5,2,6,"Eduardo Martins",0.99,"Marvin Gaye",9.9,0.1
1,1,1,"Steve Murray",2.97,Olodum,9.9,0.3
2,2,2,"Astrid Gruber",1.98,Olodum,9.9,0.2
2,2,3,"Roberto Almeida",1.98,Olodum,9.9,0.2
4,3,4,"Helena Holý",0.99,Olodum,9.9,0.1
4,3,5,"Aaron Mitchell",0.99,Olodum,9.9,0.1
4,3,6,"Enrique Muñoz",0.99,Olodum,9.9,0.1
1,1,1,"João Fernandes",3.96,"Raul Seixas",9.9,0.4
2,2,2,"Dan Miller",2.97,"Raul Seixas",9.9,0.3
3,3,3,"Puja Srivastava",1.98,"Raul Seixas",9.9,0.2
4,4,4,"Johannes Van der Berg",0.99,"Raul Seixas",9.9,0.1
1,1,1,"Robert Brown",2.97,Skank,9.9,0.3
1,1,2,"Johannes Van der Berg",2.97,Skank,9.9,0.3
3,2,3,"Kara Nielsen",1.98,Skank,9.9,0.2
3,2,4,"Stanisław Wójcik",1.98,Skank,9.9,0.2
1,1,1,"Emma Jones",2.97,"Stone Temple Pilots",9.9,0.3
2,2,2,"František Wichterlová",1.98,"Stone Temple Pilots",9.9,0.2
2,2,3,"Michelle Brooks",1.98,"Stone Temple Pilots",9.9,0.2
4,3,4,"Bjørn Hansen",0.99,"Stone Temple Pilots",9.9,0.1
4,3,5,"Aaron Mitchell",0.99,"Stone Temple Pilots",9.9,0.1
4,3,6,"Niklas Schröder",0.99,"Stone Temple Pilots",9.9,0.1
1,1,1,"Tim Goyer",2.97,"The Clash",9.9,0.3
1,1,2,"Manoj Pareek",2.97,"The Clash",9.9,0.3
3,2,3,"Patrick Gray",1.98,"The Clash",9.9,0.2
4,3,4,"Niklas Schröder",0.99,"The Clash",9.9,0.1
4,3,5,"Lucas Mancini",0.99,"The Clash",9.9,0.1
1,1,1,"John Gordon",1.98,"Black Sabbath",8.91,0.2222
1,1,2,"Fynn Zimmermann",1.98,"Black Sabbath",8.91,0.2222
1,1,3,"Wyatt Girard",1.98,"Black Sabbath",8.91,0.2222
4,2,4,"François Tremblay",0.99,"Black Sabbath",8.91,0.1111
4,2,5,"Hannah Schneider",0.99,"Black Sabbath",8.91,0.1111
4,2,6,"Camille Bernard",0.99,"Black Sabbath",8.91,0.1111
1,1,1,"Alexandre Rocha",2.97,Gonzaguinha,8.91,0.3333
2,2,2,"Martha Silk",1.98,Gonzaguinha,8.91,0.2222
2,2,3,"Camille Bernard",1.98,Gonzaguinha,8.91,0.2222
2,2,4,"Enrique Muñoz",1.98,Gonzaguinha,8.91,0.2222
1,1,1,"Kathy Chase",2.97,Incognito,8.91,0.3333
2,2,2,"Astrid Gruber",1.98,Incognito,8.91,0.2222
2,2,3,"Madalena Sampaio",1.98,Incognito,8.91,0.2222
2,2,4,"Hugh O'Reilly",1.98,Incognito,8.91,0.2222
1,1,1,"Marc Dubois",2.97,Passengers,8.91,0.3333
2,2,2,"Leonie Köhler",1.98,Passengers,8.91,0.2222
2,2,3,"Eduardo Martins",1.98,Passengers,8.91,0.2222
2,2,4,"Kathy Chase",1.98,Passengers,8.91,0.2222
1,1,1,"Alexandre Rocha",1.98,"Planet Hemp",8.91,0.2222
1,1,2,"Victor Stevens",1.98,"Planet Hemp",8.91,0.2222
1,1,3,"Edward Francis",1.98,"Planet Hemp",8.91,0.2222
4,2,4,"Frank Ralston",0.99,"Planet Hemp",8.91,0.1111
4,2,5,"Patrick Gray",0.99,"Planet Hemp",8.91,0.1111
4,2,6,"Enrique Muñoz",0.99,"Planet Hemp",8.91,0.1111
1,1,1,"Mark Philips",1.98,"R.E.M. Feat. Kate Pearson",8.91,0.2222
1,1,2,"Camille Bernard",1.98,"R.E.M. Feat. Kate Pearson",8.91,0.2222
1,1,3,"Stanisław Wójcik",1.98,"R.E.M. Feat. Kate Pearson",8.91,0.2222
4,2,4,"Ellie Sullivan",0.99,"R.E.M. Feat. Kate Pearson",8.91,0.1111
4,2,5,"Phil Hughes",0.99,"R.E.M. Feat. Kate Pearson",8.91,0.1111
4,2,6,"Puja Srivastava",0.99,"R.E.M. Feat. Kate Pearson",8.91,0.1111
1,1,1,"Johannes Van der Berg",3.96,"Stevie Ray Vaughan & Double Trouble",8.91,0.4444
2,2,2,"Aaron Mitchell",1.98,"Stevie Ray Vaughan & Double Trouble",8.91,0.2222
3,3,3,"Michelle Brooks",0.99,"Stevie Ray Vaughan & Double Trouble",8.91,0.1111
3,3,4,"Hugh O'Reilly",0.99,"Stevie Ray Vaughan & Double Trouble",8.91,0.1111
3,3,5,"Stanisław Wójcik",0.99,"Stevie Ray Vaughan & Double Trouble",8.91,0.1111
1,1,1,"Victor Stevens",2.97,"Zeca Pagodinho",8.91,0.3333
2,2,2,"František Wichterlová",1.98,"Zeca Pagodinho",8.91,0.2222
2,2,3,"Terhi Hämäläinen",1.98,"Zeca Pagodinho",8.91,0.2222
2,2,4,"Ladislav Kovács",1.98,"Zeca Pagodinho",8.91,0.2222
1,1,1,"Mark Philips",1.98,"Alanis Morissette",7.92,0.25
1,1,2,"Heather Leacock",1.98,"Alanis Morissette",7.92,0.25
1,1,3,"Ellie Sullivan",1.98,"Alanis Morissette",7.92,0.25
1,1,4,"Phil Hughes",1.98,"Alanis Morissette",7.92,0.25
1,1,1,"François Tremblay",1.98,"Black Label Society",7.92,0.25
1,1,2,"Heather Leacock",1.98,"Black Label Society",7.92,0.25
1,1,3,"John Gordon",1.98,"Black Label Society",7.92,0.25
1,1,4,"Wyatt Girard",1.98,"Black Label Society",7.92,0.25
1,1,1,"Victor Stevens",2.97,"David Coverdale",7.92,0.375
2,2,2,"Alexandre Rocha",1.98,"David Coverdale",7.92,0.25
2,2,3,"Enrique Muñoz",1.98,"David Coverdale",7.92,0.25
4,3,4,"Camille Bernard",0.99,"David Coverdale",7.92,0.125
1,1,1,"Johannes Van der Berg",2.97,Falamansa,7.92,0.375
2,2,2,"Julia Barnett",1.98,Falamansa,7.92,0.25
2,2,3,"Diego Gutiérrez",1.98,Falamansa,7.92,0.25
4,3,4,"Jack Smith",0.99,Falamansa,7.92,0.125
1,1,1,"Jack Smith",1.98,"Funk Como Le Gusta",7.92,0.25
1,1,2,"Fynn Zimmermann",1.98,"Funk Como Le Gusta",7.92,0.25
1,1,3,"Diego Gutiérrez",1.98,"Funk Como Le Gusta",7.92,0.25
1,1,4,"Luis Rojas",1.98,"Funk Como Le Gusta",7.92,0.25
1,1,1,"Hannah Schneider",2.97,Godsmack,7.92,0.375
2,2,2,"Dan Miller",1.98,Godsmack,7.92,0.25
3,3,3,"Fynn Zimmermann",0.99,Godsmack,7.92,0.125
3,3,4,"Dominique Lefebvre",0.99,Godsmack,7.92,0.125
3,3,5,"Luis Rojas",0.99,Godsmack,7.92,0.125
1,1,1,"Jennifer Peterson",2.97,"House Of Pain",7.92,0.375
1,1,2,"Steve Murray",2.97,"House Of Pain",7.92,0.375
3,2,3,"Isabelle Mercier",1.98,"House Of Pain",7.92,0.25
1,1,1,"Mark Philips",1.98,"Jimi Hendrix",7.92,0.25
1,1,2,"João Fernandes",1.98,"Jimi Hendrix",7.92,0.25
1,1,3,"Steve Murray",1.98,"Jimi Hendrix",7.92,0.25
4,2,4,"Helena Holý",0.99,"Jimi Hendrix",7.92,0.125
4,2,5,"Jennifer Peterson",0.99,"Jimi Hendrix",7.92,0.125
1,1,1,"Fernanda Ramos",1.98,"Marisa Monte",7.92,0.25
1,1,2,"Ellie Sullivan",1.98,"Marisa Monte",7.92,0.25
1,1,3,"Emma Jones",1.98,"Marisa Monte",7.92,0.25
1,1,4,"Phil Hughes",1.98,"Marisa Monte",7.92,0.25
1,1,1,"Roberto Almeida",3.96,"Men At Work",7.92,0.5
2,2,2,"Eduardo Martins",0.99,"Men At Work",7.92,0.125
2,2,3,"Fernanda Ramos",0.99,"Men At Work",7.92,0.125
2,2,4,"Ellie Sullivan",0.99,"Men At Work",7.92,0.125
2,2,5,"Phil Hughes",0.99,"Men At Work",7.92,0.125
1,1,1,"Martha Silk",2.97,"Os Mutantes",7.92,0.375
2,2,2,"Camille Bernard",1.98,"Os Mutantes",7.92,0.25
3,3,3,"Alexandre Rocha",0.99,"Os Mutantes",7.92,0.125
3,3,4,"Dan Miller",0.99,"Os Mutantes",7.92,0.125
3,3,5,"Puja Srivastava",0.99,"Os Mutantes",7.92,0.125
1,1,1,"Mark Taylor",2.97,"Page & Plant",7.92,0.375
2,2,2,"Kathy Chase",1.98,"Page & Plant",7.92,0.25
2,2,3,"Marc Dubois",1.98,"Page & Plant",7.92,0.25
4,3,4,"Eduardo Martins",0.99,"Page & Plant",7.92,0.125
1,1,1,"Edward Francis",2.97,UB40,7.92,0.375
2,2,2,"Frank Harris",1.98,UB40,7.92,0.25
2,2,3,"Mark Taylor",1.98,UB40,7.92,0.25
4,3,4,"Terhi Hämäläinen",0.99,UB40,7.92,0.125
1,1,1,"Mark Philips",1.98,"Alice In Chains",6.93,0.2857
1,1,2,"Wyatt Girard",1.98,"Alice In Chains",6.93,0.2857
1,1,3,"Phil Hughes",1.98,"Alice In Chains",6.93,0.2857
4,2,4,"Heather Leacock",0.99,"Alice In Chains",6.93,0.1429
1,1,1,"Leonie Köhler",2.97,"Buddy Guy",6.93,0.4286
2,2,2,"Ladislav Kovács",1.98,"Buddy Guy",6.93,0.2857
3,3,3,"Helena Holý",0.99,"Buddy Guy",6.93,0.1429
3,3,4,"John Gordon",0.99,"Buddy Guy",6.93,0.1429
1,1,1,"Tim Goyer",1.98,"Def Leppard",6.93,0.2857
1,1,2,"Niklas Schröder",1.98,"Def Leppard",6.93,0.2857
1,1,3,"Manoj Pareek",1.98,"Def Leppard",6.93,0.2857
4,2,4,"Michelle Brooks",0.99,"Def Leppard",6.93,0.1429
1,1,1,"Helena Holý",1.98,JET,6.93,0.2857
1,1,2,"Mark Philips",1.98,JET,6.93,0.2857
1,1,3,"Steve Murray",1.98,JET,6.93,0.2857
4,2,4,"João Fernandes",0.99,JET,6.93,0.1429
1,1,1,"Leonie Köhler",1.98,"Marcos Valle",6.93,0.2857
1,1,2,"Kathy Chase",1.98,"Marcos Valle",6.93,0.2857
1,1,3,"Marc Dubois",1.98,"Marcos Valle",6.93,0.2857
4,2,4,"Luís Gonçalves",0.99,"Marcos Valle",6.93,0.1429
1,1,1,"Martha Silk",1.98,"Mötley Crüe",6.93,0.2857
1,1,2,"Aaron Mitchell",1.98,"Mötley Crüe",6.93,0.2857
1,1,3,"Joakim Johansson",1.98,"Mötley Crüe",6.93,0.2857
4,2,4,"Roberto Almeida",0.99,"Mötley Crüe",6.93,0.1429
1,1,1,"Jennifer Peterson",2.97,"O Rappa",6.93,0.4286
2,2,2,"Bjørn Hansen",1.98,"O Rappa",6.93,0.2857
2,2,3,"Isabelle Mercier",1.98,"O Rappa",6.93,0.2857
1,1,1,"João Fernandes",1.98,Raimundos,6.93,0.2857
1,1,2,"Camille Bernard",1.98,Raimundos,6.93,0.2857
1,1,3,"Puja Srivastava",1.98,Raimundos,6.93,0.2857
4,2,4,"Dan Miller",0.99,Raimundos,6.93,0.1429
1,1,1,"Patrick Gray",1.98,"The Police",6.93,0.2857
1,1,2,"Julia Barnett",1.98,"The Police",6.93,0.2857
1,1,3,"Lucas Mancini",1.98,"The Police",6.93,0.2857
4,2,4,"Daan Peeters",0.99,"The Police",6.93,0.1429
1,1,1,"François Tremblay",1.98,BackBeat,5.94,0.3333
1,1,2,"Heather Leacock",1.98,BackBeat,5.94,0.3333
3,2,3,"John Gordon",0.99,BackBeat,5.94,0.1667
3,2,4,"Wyatt Girard",0.99,BackBeat,5.94,0.1667
1,1,1,"Dan Miller",1.98,"Ed Motta",5.94,0.3333
1,1,2,"Camille Bernard",1.98,"Ed Motta",5.94,0.3333
3,2,3,"Dominique Lefebvre",0.99,"Ed Motta",5.94,0.1667
3,2,4,"Puja Srivastava",0.99,"Ed Motta",5.94,0.1667
1,1,1,"Jennifer Peterson",1.98,"Jorge Ben",5.94,0.3333
1,1,2,"João Fernandes",1.98,"Jorge Ben",5.94,0.3333
3,2,3,"Mark Philips",0.99,"Jorge Ben",5.94,0.1667
3,2,4,"Steve Murray",0.99,"Jorge Ben",5.94,0.1667
1,1,1,"Mark Philips",1.98,"Jota Quest",5.94,0.3333
1,1,2,"Steve Murray",1.98,"Jota Quest",5.94,0.3333
3,2,3,"Jennifer Peterson",0.99,"Jota Quest",5.94,0.1667
3,2,4,"João Fernandes",0.99,"Jota Quest",5.94,0.1667
1,1,1,"Jennifer Peterson",1.98,"João Suplicy",5.94,0.3333
1,1,2,"João Fernandes",1.98,"João Suplicy",5.94,0.3333
3,2,3,"Mark Philips",0.99,"João Suplicy",5.94,0.1667
3,2,4,"Steve Murray",0.99,"João Suplicy",5.94,0.1667
1,1,1,"Joakim Johansson",1.98,"Motörhead",5.94,0.3333
2,2,2,"Roberto Almeida",0.99,"Motörhead",5.94,0.1667
2,2,3,"John Gordon",0.99,"Motörhead",5.94,0.1667
2,2,4,"Martha Silk",0.99,"Motörhead",5.94,0.1667
2,2,5,"Aaron Mitchell",0.99,"Motörhead",5.94,0.1667
1,1,1,"Roberto Almeida",1.98,"Mônica Marianno",5.94,0.3333
1,1,2,"Martha Silk",1.98,"Mônica Marianno",5.94,0.3333
3,2,3,"Aaron Mitchell",0.99,"Mônica Marianno",5.94,0.1667
3,2,4,"Joakim Johansson",0.99,"Mônica Marianno",5.94,0.1667
1,1,1,"Kara Nielsen",1.98,Rush,5.94,0.3333
2,2,2,"Robert Brown",0.99,Rush,5.94,0.1667
2,2,3,"Dominique Lefebvre",0.99,Rush,5.94,0.1667
2,2,4,"Johannes Van der Berg",0.99,Rush,5.94,0.1667
2,2,5,"Stanisław Wójcik",0.99,Rush,5.94,0.1667
1,1,1,"František Wichterlová",1.98,"Velvet Revolver",5.94,0.3333
2,2,2,"Victor Stevens",0.99,"Velvet Revolver",5.94,0.1667
2,2,3,"Hannah Schneider",0.99,"Velvet Revolver",5.94,0.1667
2,2,4,"Terhi Hämäläinen",0.99,"Velvet Revolver",5.94,0.1667
2,2,5,"Ladislav Kovács",0.99,"Velvet Revolver",5.94,0.1667
1,1,1,"Victor Stevens",1.98,"Vinícius De Moraes",5.94,0.3333
1,1,2,"Terhi Hämäläinen",1.98,"Vinícius De Moraes",5.94,0.3333
3,2,3,"František Wichterlová",0.99,"Vinícius De Moraes",5.94,0.1667
3,2,4,"Ladislav Kovács",0.99,"Vinícius De Moraes",5.94,0.1667
1,1,1,"Leonie Köhler",1.98,Accept,4.95,0.4
2,2,2,"Fernanda Ramos",0.99,Accept,4.95,0.2
2,2,3,"Ellie Sullivan",0.99,Accept,4.95,0.2
2,2,4,"Lucas Mancini",0.99,Accept,4.95,0.2
1,1,1,"Emma Jones",1.98,"Cláudio Zoli",4.95,0.4
2,2,2,"Luís Gonçalves",0.99,"Cláudio Zoli",4.95,0.2
2,2,3,"Kathy Chase",0.99,"Cláudio Zoli",4.95,0.2
2,2,4,"Marc Dubois",0.99,"Cláudio Zoli",4.95,0.2
1,1,1,"Ellie Sullivan",1.98,Marillion,4.95,0.4
2,2,2,"Fernanda Ramos",0.99,Marillion,4.95,0.2
2,2,3,"Emma Jones",0.99,Marillion,4.95,0.2
2,2,4,"Phil Hughes",0.99,Marillion,4.95,0.2
1,1,1,"Leonie Köhler",1.98,"Paul D'Ianno",4.95,0.4
2,2,2,"Eduardo Martins",0.99,"Paul D'Ianno",4.95,0.2
2,2,3,"Edward Francis",0.99,"Paul D'Ianno",4.95,0.2
2,2,4,"Marc Dubois",0.99,"Paul D'Ianno",4.95,0.2
1,1,1,"Jennifer Peterson",1.98,Scorpions,4.95,0.4
1,1,2,"Steve Murray",1.98,Scorpions,4.95,0.4
3,2,3,"João Fernandes",0.99,Scorpions,4.95,0.2
1,1,1,"Fernanda Ramos",0.99,"Terry Bozzio, Tony Levin & Steve Stevens",4.95,0.2
1,1,2,"Michelle Brooks",0.99,"Terry Bozzio, Tony Levin & Steve Stevens",4.95,0.2
1,1,3,"Niklas Schröder",0.99,"Terry Bozzio, Tony Levin & Steve Stevens",4.95,0.2
1,1,4,"Emma Jones",0.99,"Terry Bozzio, Tony Levin & Steve Stevens",4.95,0.2
1,1,5,"Manoj Pareek",0.99,"Terry Bozzio, Tony Levin & Steve Stevens",4.95,0.2
1,1,1,"François Tremblay",1.99,Aquaman,3.98,0.5
1,1,2,"João Fernandes",1.99,Aquaman,3.98,0.5
1,1,1,"Mark Philips",1.98,Apocalyptica,3.96,0.5
2,2,2,"Heather Leacock",0.99,Apocalyptica,3.96,0.25
2,2,3,"Wyatt Girard",0.99,Apocalyptica,3.96,0.25
1,1,1,"François Tremblay",0.99,"Billy Cobham",3.96,0.25
1,1,2,"Heather Leacock",0.99,"Billy Cobham",3.96,0.25
1,1,3,"John Gordon",0.99,"Billy Cobham",3.96,0.25
1,1,4,"Wyatt Girard",0.99,"Billy Cobham",3.96,0.25
1,1,1,"Bjørn Hansen",1.98,"Chris Cornell",3.96,0.5
2,2,2,"Frank Ralston",0.99,"Chris Cornell",3.96,0.25
2,2,3,"Isabelle Mercier",0.99,"Chris Cornell",3.96,0.25
1,1,1,"Michelle Brooks",0.99,"Dennis Chambers",3.96,0.25
1,1,2,"Tim Goyer",0.99,"Dennis Chambers",3.96,0.25
1,1,3,"Niklas Schröder",0.99,"Dennis Chambers",3.96,0.25
1,1,4,"Manoj Pareek",0.99,"Dennis Chambers",3.96,0.25
1,1,1,"Luís Gonçalves",0.99,"Frank Zappa & Captain Beefheart",3.96,0.25
1,1,2,"Leonie Köhler",0.99,"Frank Zappa & Captain Beefheart",3.96,0.25
1,1,3,"Kathy Chase",0.99,"Frank Zappa & Captain Beefheart",3.96,0.25
1,1,4,"Marc Dubois",0.99,"Frank Zappa & Captain Beefheart",3.96,0.25
1,1,1,"Mark Philips",0.99,"Joe Satriani",3.96,0.25
1,1,2,"Jennifer Peterson",0.99,"Joe Satriani",3.96,0.25
1,1,3,"João Fernandes",0.99,"Joe Satriani",3.96,0.25
1,1,4,"Steve Murray",0.99,"Joe Satriani",3.96,0.25
1,1,1,"Eduardo Martins",0.99,"Pink Floyd",3.96,0.25
1,1,2,"Alexandre Rocha",0.99,"Pink Floyd",3.96,0.25
1,1,3,"Edward Francis",0.99,"Pink Floyd",3.96,0.25
1,1,4,"Enrique Muñoz",0.99,"Pink Floyd",3.96,0.25
1,1,1,"Frank Ralston",1.98,"Temple of the Dog",3.96,0.5
2,2,2,"Bjørn Hansen",0.99,"Temple of the Dog",3.96,0.25
2,2,3,"Isabelle Mercier",0.99,"Temple of the Dog",3.96,0.25
1,1,1,"Daan Peeters",0.99,"The Doors",3.96,0.25
1,1,2,"Tim Goyer",0.99,"The Doors",3.96,0.25
1,1,3,"Patrick Gray",0.99,"The Doors",3.96,0.25
1,1,4,"Lucas Mancini",0.99,"The Doors",3.96,0.25
1,1,1,"François Tremblay",1.98,"Michael Tilson Thomas & San Francisco Symphony",2.97,0.6667
2,2,2,"Frank Ralston",0.99,"Michael Tilson Thomas & San Francisco Symphony",2.97,0.3333
1,1,1,"Fernanda Ramos",0.99,"Academy of St. Martin in the Fields, Sir Neville Marriner & Thurston Dart",1.98,0.5
1,1,2,"Marc Dubois",0.99,"Academy of St. Martin in the Fields, Sir Neville Marriner & Thurston Dart",1.98,0.5
1,1,1,"Astrid Gruber",1.98,"Berliner Philharmoniker & Herbert Von Karajan",1.98,1.0
1,1,1,"Bjørn Hansen",0.99,"Chicago Symphony Orchestra & Fritz Reiner",1.98,0.5
1,1,2,"Luis Rojas",0.99,"Chicago Symphony Orchestra & Fritz Reiner",1.98,0.5
1,1,1,"Fernanda Ramos",0.99,"Emerson String Quartet",1.98,0.5
1,1,2,"Lucas Mancini",0.99,"Emerson String Quartet",1.98,0.5
1,1,1,"Fernanda Ramos",0.99,"Equale Brass Ensemble, John Eliot Gardiner & Munich Monteverdi Orchestra and Choir",1.98,0.5
1,1,2,"Isabelle Mercier",0.99,"Equale Brass Ensemble, John Eliot Gardiner & Munich Monteverdi Orchestra and Choir",1.98,0.5
1,1,1,"Bjørn Hansen",0.99,"Eugene Ormandy",1.98,0.5
1,1,2,"Ellie Sullivan",0.99,"Eugene Ormandy",1.98,0.5
1,1,1,"Luís Gonçalves",0.99,"Academy of St. Martin in the Fields & Sir Neville Marriner",0.99,1.0
1,1,1,"Frank Ralston",0.99,"Academy of St. Martin in the Fields, John Birch, Sir Neville Marriner & Sylvia McNair",0.99,1.0
1,1,1,"Patrick Gray",0.99,"Adrian Leaper & Doreen de Feis",0.99,1.0
1,1,1,"François Tremblay",0.99,"Antal Doráti & London Symphony Orchestra",0.99,1.0
1,1,1,"Luís Gonçalves",0.99,"Berliner Philharmoniker & Hans Rosbaud",0.99,1.0
1,1,1,"Niklas Schröder",0.99,Calexico,0.99,1.0
1,1,1,"Dominique Lefebvre",0.99,"Dread Zeppelin",0.99,1.0
1,1,1,"Bjørn Hansen",0.99,"Edo de Waart & San Francisco Symphony",0.99,1.0
1,1,1,"Manoj Pareek",0.99,"Emanuel Ax, Eugene Ormandy & Philadelphia Orchestra",0.99,1.0
1,1,1,"Bjørn Hansen",0.99,"English Concert & Trevor Pinnock",0.99,1.0
1,1,1,"François Tremblay",0.99,"Felix Schmidt, London Symphony Orchestra & Rafael Frühbeck de Burgos",0.99,1.0
1,1,1,"Fernanda Ramos",0.99,"Göteborgs Symfoniker & Neeme Järvi",0.99,1.0
1,1,1,"Bjørn Hansen",0.99,"Habib Koité and Bamada",0.99,1.0
1,1,1,"Isabelle Mercier",0.99,"Julian Bream",0.99,1.0
1,1,1,"Patrick Gray",0.99,"Kent Nagano and Orchestre de l'Opéra de Lyon",0.99,1.0
1,1,1,"Frank Ralston",0.99,"Luciana Souza/Romero Lubambo",0.99,1.0
1,1,1,"Patrick Gray",0.99,"Martin Roscoe",0.99,1.0
1,1,1,"Frank Ralston",0.99,"Maurizio Pollini",0.99,1.0
1,1,1,"Lucas Mancini",0.99,"Michele Campanella",0.99,1.0
1,1,1,"Manoj Pareek",0.99,"Orchestra of The Age of Enlightenment",0.99,1.0
1,1,1,"Camille Bernard",0.99,"Otto Klemperer & Philharmonia Orchestra",0.99,1.0
1,1,1,"Patrick Gray",0.99,"Philharmonia Orchestra & Sir Neville Marriner",0.99,1.0
1,1,1,"Isabelle Mercier",0.99,"Roger Norrington, London Classical Players",0.99,1.0
1,1,1,"Bjørn Hansen",0.99,"Royal Philharmonic Orchestra & Sir Thomas Beecham",0.99,1.0
1,1,1,"Frank Ralston",0.99,"Scholars Baroque Ensemble",0.99,1.0
1,1,1,"Isabelle Mercier",0.99,"Sir Georg Solti & Wiener Philharmoniker",0.99,1.0
1,1,1,"Marc Dubois",0.99,"The 12 Cellists of The Berlin Philharmonic",0.99,1.0
1,1,1,"Isabelle Mercier",0.99,"The King's Singers",0.99,1.0
1,1,1,"Isabelle Mercier",0.99,"The Posies",0.99,1.0
1,1,1,"Camille Bernard",0.99,"Yehudi Menuhin",0.99,1.0
1,1,1,"Isabelle Mercier",0.99,"Yo-Yo Ma",0.99,1.0
Country,SUM(i.InvoiceId)
Argentina,1729
Australia,1043
Austria,1568
Belgium,1428
Brazil,7399
Canada,11963
Chile,1176
"Czech Republic",3143
Denmark,1288
Finland,1757
France,7168
Germany,4697
Hungary,1617
India,2758
Ireland,1477
Italy,1337
Netherlands,1610
Norway,1162
Poland,1470
Portugal,2870
Spain,1743
Sweden,1190
USA,19103
"United Kingdom",4382
